--
-- PostgreSQL database dump
--

-- Dumped from database version 16.1
-- Dumped by pg_dump version 16.1

-- Started on 2025-05-21 01:42:32

SET statement_timeout = 0;
SET lock_timeout = 0;
SET idle_in_transaction_session_timeout = 0;
SET client_encoding = 'UTF8';
SET standard_conforming_strings = on;
SELECT pg_catalog.set_config('search_path', '', false);
SET check_function_bodies = false;
SET xmloption = content;
SET client_min_messages = warning;
SET row_security = off;

--
-- TOC entry 2 (class 3079 OID 107957)
-- Name: postgis; Type: EXTENSION; Schema: -; Owner: -
--

CREATE EXTENSION IF NOT EXISTS postgis WITH SCHEMA public;


--
-- TOC entry 5887 (class 0 OID 0)
-- Dependencies: 2
-- Name: EXTENSION postgis; Type: COMMENT; Schema: -; Owner: 
--

COMMENT ON EXTENSION postgis IS 'PostGIS geometry and geography spatial types and functions';


SET default_tablespace = '';

SET default_table_access_method = heap;

--
-- TOC entry 238 (class 1259 OID 116681)
-- Name: AnswerImages; Type: TABLE; Schema: public; Owner: postgres
--

CREATE TABLE public."AnswerImages" (
    "Id" uuid NOT NULL,
    "Uri" text NOT NULL,
    "AnswerId" uuid NOT NULL
);


ALTER TABLE public."AnswerImages" OWNER TO postgres;

--
-- TOC entry 234 (class 1259 OID 116149)
-- Name: Answers; Type: TABLE; Schema: public; Owner: postgres
--

CREATE TABLE public."Answers" (
    "Id" uuid NOT NULL,
    "IssueId" uuid NOT NULL,
    "ModeratorId" uuid NOT NULL,
    "Text" text,
    "CreatedAt" timestamp with time zone NOT NULL,
    "NewStatus" integer DEFAULT 0 NOT NULL,
    "OldStatus" integer DEFAULT 0 NOT NULL
);


ALTER TABLE public."Answers" OWNER TO postgres;

--
-- TOC entry 226 (class 1259 OID 109060)
-- Name: AspNetRoleClaims; Type: TABLE; Schema: public; Owner: postgres
--

CREATE TABLE public."AspNetRoleClaims" (
    "Id" integer NOT NULL,
    "RoleId" uuid NOT NULL,
    "ClaimType" text,
    "ClaimValue" text
);


ALTER TABLE public."AspNetRoleClaims" OWNER TO postgres;

--
-- TOC entry 225 (class 1259 OID 109059)
-- Name: AspNetRoleClaims_Id_seq; Type: SEQUENCE; Schema: public; Owner: postgres
--

ALTER TABLE public."AspNetRoleClaims" ALTER COLUMN "Id" ADD GENERATED BY DEFAULT AS IDENTITY (
    SEQUENCE NAME public."AspNetRoleClaims_Id_seq"
    START WITH 1
    INCREMENT BY 1
    NO MINVALUE
    NO MAXVALUE
    CACHE 1
);


--
-- TOC entry 222 (class 1259 OID 109038)
-- Name: AspNetRoles; Type: TABLE; Schema: public; Owner: postgres
--

CREATE TABLE public."AspNetRoles" (
    "Id" uuid NOT NULL,
    "Name" character varying(256),
    "NormalizedName" character varying(256),
    "ConcurrencyStamp" text
);


ALTER TABLE public."AspNetRoles" OWNER TO postgres;

--
-- TOC entry 228 (class 1259 OID 109073)
-- Name: AspNetUserClaims; Type: TABLE; Schema: public; Owner: postgres
--

CREATE TABLE public."AspNetUserClaims" (
    "Id" integer NOT NULL,
    "UserId" uuid NOT NULL,
    "ClaimType" text,
    "ClaimValue" text
);


ALTER TABLE public."AspNetUserClaims" OWNER TO postgres;

--
-- TOC entry 227 (class 1259 OID 109072)
-- Name: AspNetUserClaims_Id_seq; Type: SEQUENCE; Schema: public; Owner: postgres
--

ALTER TABLE public."AspNetUserClaims" ALTER COLUMN "Id" ADD GENERATED BY DEFAULT AS IDENTITY (
    SEQUENCE NAME public."AspNetUserClaims_Id_seq"
    START WITH 1
    INCREMENT BY 1
    NO MINVALUE
    NO MAXVALUE
    CACHE 1
);


--
-- TOC entry 229 (class 1259 OID 109085)
-- Name: AspNetUserLogins; Type: TABLE; Schema: public; Owner: postgres
--

CREATE TABLE public."AspNetUserLogins" (
    "LoginProvider" text NOT NULL,
    "ProviderKey" text NOT NULL,
    "ProviderDisplayName" text,
    "UserId" uuid NOT NULL
);


ALTER TABLE public."AspNetUserLogins" OWNER TO postgres;

--
-- TOC entry 230 (class 1259 OID 109097)
-- Name: AspNetUserRoles; Type: TABLE; Schema: public; Owner: postgres
--

CREATE TABLE public."AspNetUserRoles" (
    "UserId" uuid NOT NULL,
    "RoleId" uuid NOT NULL
);


ALTER TABLE public."AspNetUserRoles" OWNER TO postgres;

--
-- TOC entry 231 (class 1259 OID 109112)
-- Name: AspNetUserTokens; Type: TABLE; Schema: public; Owner: postgres
--

CREATE TABLE public."AspNetUserTokens" (
    "UserId" uuid NOT NULL,
    "LoginProvider" text NOT NULL,
    "Name" text NOT NULL,
    "Value" text
);


ALTER TABLE public."AspNetUserTokens" OWNER TO postgres;

--
-- TOC entry 223 (class 1259 OID 109045)
-- Name: AspNetUsers; Type: TABLE; Schema: public; Owner: postgres
--

CREATE TABLE public."AspNetUsers" (
    "Id" uuid NOT NULL,
    "CreatedAt" timestamp with time zone NOT NULL,
    "UserName" character varying(256),
    "NormalizedUserName" character varying(256),
    "Email" character varying(256),
    "NormalizedEmail" character varying(256),
    "EmailConfirmed" boolean NOT NULL,
    "PasswordHash" text,
    "SecurityStamp" text,
    "ConcurrencyStamp" text,
    "PhoneNumber" text,
    "PhoneNumberConfirmed" boolean NOT NULL,
    "TwoFactorEnabled" boolean NOT NULL,
    "LockoutEnd" timestamp with time zone,
    "LockoutEnabled" boolean NOT NULL,
    "AccessFailedCount" integer NOT NULL,
    "FullName" text DEFAULT ''::text NOT NULL
);


ALTER TABLE public."AspNetUsers" OWNER TO postgres;

--
-- TOC entry 224 (class 1259 OID 109052)
-- Name: Categories; Type: TABLE; Schema: public; Owner: postgres
--

CREATE TABLE public."Categories" (
    "Id" uuid NOT NULL,
    "Title" text NOT NULL,
    "Description" text DEFAULT ''::text NOT NULL,
    "ImageUri" text DEFAULT ''::text NOT NULL
);


ALTER TABLE public."Categories" OWNER TO postgres;

--
-- TOC entry 237 (class 1259 OID 116654)
-- Name: Comments; Type: TABLE; Schema: public; Owner: postgres
--

CREATE TABLE public."Comments" (
    "Id" uuid NOT NULL,
    "Text" text NOT NULL,
    "CreatedAt" timestamp with time zone NOT NULL,
    "UserId" uuid NOT NULL,
    "IssueId" uuid DEFAULT '00000000-0000-0000-0000-000000000000'::uuid NOT NULL
);


ALTER TABLE public."Comments" OWNER TO postgres;

--
-- TOC entry 239 (class 1259 OID 116696)
-- Name: Grades; Type: TABLE; Schema: public; Owner: postgres
--

CREATE TABLE public."Grades" (
    "Id" uuid NOT NULL,
    "UserId" uuid NOT NULL,
    "IssueId" uuid NOT NULL,
    "Like" boolean NOT NULL
);


ALTER TABLE public."Grades" OWNER TO postgres;

--
-- TOC entry 236 (class 1259 OID 116200)
-- Name: IssueImages; Type: TABLE; Schema: public; Owner: postgres
--

CREATE TABLE public."IssueImages" (
    "Id" uuid NOT NULL,
    "Uri" text NOT NULL,
    "IssueId" uuid NOT NULL
);


ALTER TABLE public."IssueImages" OWNER TO postgres;

--
-- TOC entry 232 (class 1259 OID 109124)
-- Name: Issues; Type: TABLE; Schema: public; Owner: postgres
--

CREATE TABLE public."Issues" (
    "Id" uuid NOT NULL,
    "Title" text NOT NULL,
    "Description" text,
    "Status" character varying(30) NOT NULL,
    "Location" text DEFAULT ''::text NOT NULL,
    "Point" public.geometry,
    "CreatedAt" timestamp with time zone NOT NULL,
    "UserId" uuid DEFAULT '00000000-0000-0000-0000-000000000000'::uuid NOT NULL,
    "CategoryId" uuid DEFAULT '00000000-0000-0000-0000-000000000000'::uuid NOT NULL,
    "ModifiedById" uuid,
    "ModifiedOn" timestamp with time zone,
    "RevokedById" uuid,
    "RevokedOn" timestamp with time zone
);


ALTER TABLE public."Issues" OWNER TO postgres;

--
-- TOC entry 233 (class 1259 OID 109141)
-- Name: ModeratorCategories; Type: TABLE; Schema: public; Owner: postgres
--

CREATE TABLE public."ModeratorCategories" (
    "ModeratorId" uuid NOT NULL,
    "CategoryId" uuid NOT NULL
);


ALTER TABLE public."ModeratorCategories" OWNER TO postgres;

--
-- TOC entry 235 (class 1259 OID 116185)
-- Name: RefreshTokens; Type: TABLE; Schema: public; Owner: postgres
--

CREATE TABLE public."RefreshTokens" (
    "Id" uuid NOT NULL,
    "Token" text NOT NULL,
    "UserId" uuid NOT NULL,
    "Expires" timestamp with time zone NOT NULL
);


ALTER TABLE public."RefreshTokens" OWNER TO postgres;

--
-- TOC entry 221 (class 1259 OID 109033)
-- Name: __EFMigrationsHistory; Type: TABLE; Schema: public; Owner: postgres
--

CREATE TABLE public."__EFMigrationsHistory" (
    "MigrationId" character varying(150) NOT NULL,
    "ProductVersion" character varying(32) NOT NULL
);


ALTER TABLE public."__EFMigrationsHistory" OWNER TO postgres;

--
-- TOC entry 5880 (class 0 OID 116681)
-- Dependencies: 238
-- Data for Name: AnswerImages; Type: TABLE DATA; Schema: public; Owner: postgres
--

COPY public."AnswerImages" ("Id", "Uri", "AnswerId") FROM stdin;
0226e1a1-83fd-4915-8bde-efc16bb93c2d	eb0d7503-b897-47de-808a-c385c8a244ec.jpg	0196937d-dd82-70de-8903-ce90d5441c81
8d9b4f59-8c17-4393-b275-8748140e54aa	d8d81b4d-e05c-4a19-ab7a-c44fba7f97c5.jpg	0196937d-dd82-70de-8903-ce90d5441c81
75cbe550-6687-4a73-bd73-f140f22b6e48	eddcf9fe-9f17-4b86-8bbf-13c7fb275729.png	01969381-98b2-7575-9858-f3b9e3196ae4
b5383116-b667-4eed-9caa-bdc09cb87cc9	e661ab8f-8eb7-4f05-9c9d-47a058e33a7d.jpg	01969381-98b2-7575-9858-f3b9e3196ae4
fafcc6d5-0436-4a1d-8cad-4bd2044b5330	7c4a64c2-2414-4fd7-9132-25e97942b461.jpg	01969381-98b2-7575-9858-f3b9e3196ae4
548e6441-3fe2-42d2-bf6e-d59ca27f2b65	3ce725d4-fc0e-4724-a8e6-1672aba2568b.jpg	01969383-6c62-7484-a80b-25296d2d278c
7a65d463-dc62-405d-9edc-dcd0e3df7d83	ae7ae38e-8cad-4dc6-8e65-f4f145bdaff1.jpg	01969383-6c62-7484-a80b-25296d2d278c
566bb718-37f2-47dc-ab7e-b3bbcd3e326e	5dc11f52-c30d-45a8-99e4-537061297792.jpg	01969388-e278-700e-9862-cdbcbfd11923
\.


--
-- TOC entry 5876 (class 0 OID 116149)
-- Dependencies: 234
-- Data for Name: Answers; Type: TABLE DATA; Schema: public; Owner: postgres
--

COPY public."Answers" ("Id", "IssueId", "ModeratorId", "Text", "CreatedAt", "NewStatus", "OldStatus") FROM stdin;
01969346-aaa0-703c-9ee5-4a23bc77067a	7ea991bb-5cde-4a7a-aa49-186b5848ac46	8a4268b2-c39a-4562-b9be-f78dd3dc3a55	первый ответ	2025-05-03 02:13:17.753903+03	1	0
01969379-a781-753e-b32c-4b9b52243792	7ea991bb-5cde-4a7a-aa49-186b5848ac46	8a4268b2-c39a-4562-b9be-f78dd3dc3a55	второй день..	2025-05-03 03:09:05.647935+03	1	1
0196937d-dd82-70de-8903-ce90d5441c81	7ea991bb-5cde-4a7a-aa49-186b5848ac46	8a4268b2-c39a-4562-b9be-f78dd3dc3a55	маршрутки были заменены	2025-05-03 03:13:41.621604+03	2	1
01969381-98b2-7575-9858-f3b9e3196ae4	980f834a-ce93-449d-bd1c-94f48195086d	8a4268b2-c39a-4562-b9be-f78dd3dc3a55	наши волонтеры начали уборку	2025-05-03 03:17:46.162759+03	1	0
01969383-6c62-7484-a80b-25296d2d278c	980f834a-ce93-449d-bd1c-94f48195086d	8a4268b2-c39a-4562-b9be-f78dd3dc3a55	мусор убран	2025-05-03 03:19:45.890198+03	2	1
01969388-a3d4-70ba-aaf5-be5496a2d1ca	9c548d03-0acd-4c6b-8a72-ed7a74d476dd	8a4268b2-c39a-4562-b9be-f78dd3dc3a55	фонарь работает, обращение ложно	2025-05-03 03:25:27.758868+03	3	0
01969388-e278-700e-9862-cdbcbfd11923	9c548d03-0acd-4c6b-8a72-ed7a74d476dd	8a4268b2-c39a-4562-b9be-f78dd3dc3a55	2	2025-05-03 03:25:43.800053+03	3	3
01969389-ebad-75b5-9bb9-094e614d07bd	b4b2f863-5f12-4199-b8a8-eb41e4b6f1b5	8a4268b2-c39a-4562-b9be-f78dd3dc3a55	воду убирают..	2025-05-03 03:26:51.693841+03	1	0
01969779-54c2-74f2-aa86-19b751059818	0f33876e-d306-469d-b73b-07d6381a86cf	8a4268b2-c39a-4562-b9be-f78dd3dc3a55	возмемся за это	2025-05-03 21:47:13.342226+03	1	0
0196979f-918b-7c9b-b290-1d666812d99a	0f33876e-d306-469d-b73b-07d6381a86cf	8a4268b2-c39a-4562-b9be-f78dd3dc3a55	уборка идет	2025-05-03 22:28:59.269255+03	1	1
0196d0ef-e067-7aa7-a577-b8997a7e88e7	e0b8e65c-6d58-4c5a-ac80-293eaf32171a	8a4268b2-c39a-4562-b9be-f78dd3dc3a55	123	2025-05-15 01:35:03.639264+03	0	0
0196d0f0-5311-7f00-a23e-ea624b05cb9d	e0b8e65c-6d58-4c5a-ac80-293eaf32171a	8a4268b2-c39a-4562-b9be-f78dd3dc3a55	дада	2025-05-15 01:35:33.009005+03	1	0
0196d0f2-a67a-7878-b3d1-ea7972e59db9	e0b8e65c-6d58-4c5a-ac80-293eaf32171a	8a4268b2-c39a-4562-b9be-f78dd3dc3a55	\N	2025-05-15 01:38:05.434081+03	0	1
0196d0f9-9d1b-7912-b6da-ba4447bbb23b	e0b8e65c-6d58-4c5a-ac80-293eaf32171a	8a4268b2-c39a-4562-b9be-f78dd3dc3a55	321	2025-05-15 01:45:41.782028+03	0	0
\.


--
-- TOC entry 5868 (class 0 OID 109060)
-- Dependencies: 226
-- Data for Name: AspNetRoleClaims; Type: TABLE DATA; Schema: public; Owner: postgres
--

COPY public."AspNetRoleClaims" ("Id", "RoleId", "ClaimType", "ClaimValue") FROM stdin;
\.


--
-- TOC entry 5864 (class 0 OID 109038)
-- Dependencies: 222
-- Data for Name: AspNetRoles; Type: TABLE DATA; Schema: public; Owner: postgres
--

COPY public."AspNetRoles" ("Id", "Name", "NormalizedName", "ConcurrencyStamp") FROM stdin;
01957d08-0ab4-7282-959f-b9581cbd742c	Admin	ADMIN	\N
01957d08-0b49-76d4-8c31-e32b4ec63173	Moderator	MODERATOR	\N
01957d08-0b5c-7811-9905-27c4ac82cee9	User	USER	\N
\.


--
-- TOC entry 5870 (class 0 OID 109073)
-- Dependencies: 228
-- Data for Name: AspNetUserClaims; Type: TABLE DATA; Schema: public; Owner: postgres
--

COPY public."AspNetUserClaims" ("Id", "UserId", "ClaimType", "ClaimValue") FROM stdin;
\.


--
-- TOC entry 5871 (class 0 OID 109085)
-- Dependencies: 229
-- Data for Name: AspNetUserLogins; Type: TABLE DATA; Schema: public; Owner: postgres
--

COPY public."AspNetUserLogins" ("LoginProvider", "ProviderKey", "ProviderDisplayName", "UserId") FROM stdin;
\.


--
-- TOC entry 5872 (class 0 OID 109097)
-- Dependencies: 230
-- Data for Name: AspNetUserRoles; Type: TABLE DATA; Schema: public; Owner: postgres
--

COPY public."AspNetUserRoles" ("UserId", "RoleId") FROM stdin;
4fbd8498-115b-4194-94dd-249ed292bd80	01957d08-0b5c-7811-9905-27c4ac82cee9
0195a5f6-d477-7e1e-86fd-d4475a958d73	01957d08-0ab4-7282-959f-b9581cbd742c
0195cf1b-4450-77d8-8ada-87fdae2ba123	01957d08-0ab4-7282-959f-b9581cbd742c
1d9da412-e926-499a-862c-d467f31e831a	01957d08-0b5c-7811-9905-27c4ac82cee9
22325660-a1a2-45c0-bf8d-40a5a510b754	01957d08-0b5c-7811-9905-27c4ac82cee9
9cc8c352-75b9-4050-83c9-31544140ce17	01957d08-0b5c-7811-9905-27c4ac82cee9
01964fcb-2c3e-7c9f-8042-e9e4a41ce442	01957d08-0ab4-7282-959f-b9581cbd742c
8a4268b2-c39a-4562-b9be-f78dd3dc3a55	01957d08-0b49-76d4-8c31-e32b4ec63173
29c1d83d-414e-45e8-ac22-20c921fcee93	01957d08-0b5c-7811-9905-27c4ac82cee9
a10b1c56-c464-4f2d-a9f2-bfecf9f0a24a	01957d08-0b5c-7811-9905-27c4ac82cee9
084acc8b-633c-44c3-9d65-76b19c3c361c	01957d08-0b49-76d4-8c31-e32b4ec63173
01964fcb-2c3e-7c9f-8042-e9e4a41ce442	01957d08-0b49-76d4-8c31-e32b4ec63173
1ca79cb6-e708-499e-a858-5ff9f41d94f8	01957d08-0b49-76d4-8c31-e32b4ec63173
a543e6a1-34bb-4f6a-96af-78aaad16dc9c	01957d08-0b5c-7811-9905-27c4ac82cee9
\.


--
-- TOC entry 5873 (class 0 OID 109112)
-- Dependencies: 231
-- Data for Name: AspNetUserTokens; Type: TABLE DATA; Schema: public; Owner: postgres
--

COPY public."AspNetUserTokens" ("UserId", "LoginProvider", "Name", "Value") FROM stdin;
\.


--
-- TOC entry 5865 (class 0 OID 109045)
-- Dependencies: 223
-- Data for Name: AspNetUsers; Type: TABLE DATA; Schema: public; Owner: postgres
--

COPY public."AspNetUsers" ("Id", "CreatedAt", "UserName", "NormalizedUserName", "Email", "NormalizedEmail", "EmailConfirmed", "PasswordHash", "SecurityStamp", "ConcurrencyStamp", "PhoneNumber", "PhoneNumberConfirmed", "TwoFactorEnabled", "LockoutEnd", "LockoutEnabled", "AccessFailedCount", "FullName") FROM stdin;
01964fcb-2c3e-7c9f-8042-e9e4a41ce442	2025-04-19 23:43:57.261265+03	sam@gmail.com	SAM@GMAIL.COM	sam@gmail.com	SAM@GMAIL.COM	t	AQAAAAIAAYagAAAAEBb4voFB4TkcSCqD1lYGjFZt7hNEwZ8fDs76kYpi5/YxQhtY5lfutBrO9ZkoQuL4NQ==	7MGSDS37RCVPP2GYTETXST7527YG7VYD	86724149-54ed-48e5-af87-36a3c7a83968	\N	f	f	\N	t	0	Sam
0195a5f6-d477-7e1e-86fd-d4475a958d73	2025-03-18 00:16:11.560442+03	admin@example.com	ADMIN@EXAMPLE.COM	admin@example.com	ADMIN@EXAMPLE.COM	t	AQAAAAIAAYagAAAAEH9C3C1trs5lT5zwswZbS+D1XuMoYcM4WvP2R85ZvmyFHz6sJJcnyv+E5BGtwdgKWw==	H425N7KGKRMKQ4KZXDMUJ6QX6MJ37ADW	2895ac59-8c5e-4c08-b156-22722e3997be	\N	f	f	\N	t	0	Alexander
29c1d83d-414e-45e8-ac22-20c921fcee93	2025-05-12 22:43:27.995745+03	lida1965@mail.ru	LIDA1965@MAIL.RU	lida1965@mail.ru	LIDA1965@MAIL.RU	t	AQAAAAIAAYagAAAAELEBizQzN9NfSEYk0dMtlfPrL74jLB+dnNA40oCIlgOfmVW8Mue3KdHlWlfwpZLR6w==	LR5ONEYO4JBZSB6IHBVZE6EXLBAHRNMH	5f96b7b2-a44f-40ab-aad4-688e47ac4210	\N	f	f	\N	t	0	Lidia
0195cf1b-4450-77d8-8ada-87fdae2ba123	2025-03-26 00:00:25.429795+03	admin@gmail.com	ADMIN@GMAIL.COM	admin@gmail.com	ADMIN@GMAIL.COM	t	AQAAAAIAAYagAAAAEGLoWoHRIsTGbBsTf6zpJxxwa0ZYJ+9Hs+Gt2W7evU1qDwjV22N7v0t7IDP61V4ylw==	VKVDT6RBZC3SRVKAHEHDFRPIVTVZ732H	8ecf4005-5be4-4904-8ac7-5200b73494e2	\N	f	f	\N	t	0	Admin
22325660-a1a2-45c0-bf8d-40a5a510b754	2025-04-04 02:27:41.338915+03	biba@gmail.com	BIBA@GMAIL.COM	biba@gmail.com	BIBA@GMAIL.COM	t	AQAAAAIAAYagAAAAEOY5wyYouEYHm8aIKbruyD2H+Fe/LQj9G7EMFdtrZly1+1rHH7S9aw91ssBINnbJVw==	BR4PXXOURVVF3DICLY52EVBR6RZPSYMS	c310598b-628a-4ea3-84f0-b85145ec342d	\N	f	f	\N	t	0	Биба
9cc8c352-75b9-4050-83c9-31544140ce17	2025-04-19 02:14:06.05169+03	petrov@gmail.com	PETROV@GMAIL.COM	petrov@gmail.com	PETROV@GMAIL.COM	t	AQAAAAIAAYagAAAAEMy+O1F8MAs3FXWZIv8A4i1D53iugyegeoTUFtHnaejJpc6DbKMhk8NpFLRleyg+VA==	F2ZKHPDNIBQ4CYNBNMQ3KV5YUNJFPSIG	e6a7229d-21d3-43e7-9426-2a0579af15f7	\N	f	f	\N	t	0	Петров
a10b1c56-c464-4f2d-a9f2-bfecf9f0a24a	2025-05-12 23:48:17.07051+03	432@213	432@213	432@213	432@213	t	AQAAAAIAAYagAAAAECU+KItEDkRbxoJBrSxNuztzdHu4sCRPO2KDtHOVybvRLaaH5NDewCNfLyZG5cbzhQ==	HE6GUC4EAQQDZ6NXAUQISQJY3DIM2ACH	356cfe1d-62e0-4440-9018-8401b1830c49	\N	f	f	\N	t	0	43242
1d9da412-e926-499a-862c-d467f31e831a	2025-03-31 01:33:29.993193+03	puser@gmail.com	PUSER@GMAIL.COM	puser@gmail.com	PUSER@GMAIL.COM	t	AQAAAAIAAYagAAAAEFfpEw8UXrMXotCZ1wb0XTEwhsQPPGpIAHV+IiI7nFlwkxQxX4gY73QtxQG5SUKaKg==	3UW2RYBCWX3SLUDK55545XONNR5GISOC	613f897d-0739-4773-9f8d-1874585291f7	\N	f	f	\N	t	0	puser
084acc8b-633c-44c3-9d65-76b19c3c361c	2025-05-14 00:12:44.462652+03	klarfe@gmail.com	KLARFE@GMAIL.COM	klarfe@gmail.com	KLARFE@GMAIL.COM	t	AQAAAAIAAYagAAAAEBCcJdjZPpnn7KE7k+AwSoPdaqKtfDjk3/8I0OnbVSWc+tDRBvEF2s1qSD9RI6PKcA==	MB3ODTFKUN635XUP3PNIORYW6FDNIRF2	a0b37042-365f-4d1e-aa8f-e95a795a215f	\N	f	f	\N	t	0	Klarfe
8a4268b2-c39a-4562-b9be-f78dd3dc3a55	2025-03-18 00:25:56.304494+03	bob@gmail.com	BOB@GMAIL.COM	bob@gmail.com	BOB@GMAIL.COM	t	AQAAAAIAAYagAAAAEPP8mjO/JRYwvJ1E9+bGJHZh9b+ZXiOMLYp/rCpv6CYQ+4K2po5FR3NyNdVG8hVngw==	HHZRRF4SPUN2TX7PMWFSOEW2MRJWWO7N	df8b3365-c258-4ea1-91b0-139bfdd74a5a	\N	f	f	\N	t	0	Bob
4fbd8498-115b-4194-94dd-249ed292bd80	2025-03-18 00:09:00.954252+03	tom@gmail.com	TOM@GMAIL.COM	tom@gmail.com	TOM@GMAIL.COM	t	AQAAAAIAAYagAAAAEJbHGieIBoKuZNlTellG6z2Y/cXAqISp9+HCedL6CiyNt0XkHA8CT0Ce890BGmH+lA==	6ULEMUGXOHMZUHFELIDJZZUPF4W3CFIZ	5b04d4e1-854c-4087-a454-45264dcfe747	\N	f	f	\N	t	0	Tom
cd2c2cee-2228-4fd7-8429-a5c06492388f	2025-05-15 01:05:01.507128+03	nikolay@mail.ru	NIKOLAY@MAIL.RU	nikolay@mail.ru	NIKOLAY@MAIL.RU	t	AQAAAAIAAYagAAAAEGFryE+bj2qVvrbPQh64c/aAIy4/XxjBX07GLVw/aRVanuHHoxVrmwk19MnmjT55Gw==	JPIPHOD4ZNZOL4AEVOSWHMT6GRSEOFGC	f5cb3ab1-2402-4fb0-ab80-77822bae27ab	\N	f	f	\N	t	0	Николай
1ca79cb6-e708-499e-a858-5ff9f41d94f8	2025-04-20 22:12:38.380717+03	zack@gmail.com	ZACK@GMAIL.COM	zack@gmail.com	ZACK@GMAIL.COM	t	AQAAAAIAAYagAAAAECIaDcSPDyndMZhEbY7Du0CIIYUmJRgxtbB8gxqdWTWCvQkCVtKfaURkKDKmfPRH6g==	6J22E33FCITGVYYXTEFNC45PIDMNII53	b3c3ca32-39b4-4736-8933-5610707927b7	\N	f	f	\N	t	0	Zack
a543e6a1-34bb-4f6a-96af-78aaad16dc9c	2025-05-15 01:55:54.926395+03	dmitriy123@gmail.com	DMITRIY123@GMAIL.COM	dmitriy123@gmail.com	DMITRIY123@GMAIL.COM	t	AQAAAAIAAYagAAAAEMkfQjHNk/RZchWlQBQqb0mQkq8Boa0DPEIZaTniT53OFfJQ7WPGQk/f9DDXfb2AyQ==	AW3BFCSBUAS5D2NCA22563YUU3P7V2T4	98184d37-0208-4ec8-9c1d-63fafdd8e45b	\N	f	f	\N	t	0	Дима
\.


--
-- TOC entry 5866 (class 0 OID 109052)
-- Dependencies: 224
-- Data for Name: Categories; Type: TABLE DATA; Schema: public; Owner: postgres
--

COPY public."Categories" ("Id", "Title", "Description", "ImageUri") FROM stdin;
01964131-f40e-78db-beb9-8f0d2c9b5dfb	Благоустройство	Сломанные лавочки, поврежденные детские площадки, отсутствие озеленения.	871a7a39-f430-461f-b13f-d40f0bb44dc1.png
0196410c-5015-7044-aa8d-1af8884879e1	Общественный транспорт	Поломанные остановки, нехватка маршрутов, нерегулярное движение транспорта.	9768d5e4-7393-4afa-a57b-4cb7eaac5315.png
019645dc-f75a-7008-b083-e399eecd79e0	Другое	Все остальные проблемы, не входящие в указанные категории.	8b1c96fd-1513-483b-a66d-f05aac014ec1.png
78b02b13-958f-4257-8b06-5378e1f6f3df	Мусор	Несвоевременный вывоз мусора, переполненные урны, свалки.	5cc15e56-e907-4659-be2a-263476a685c6.png
3e8225ec-d424-4ea7-9a4d-40f400bed880	Дорожные проблемы	Ямы, трещины, отсутствие разметки, поврежденные знаки.	b167edc4-b351-4bed-9839-d828740b9bf7.png
5f354cb0-fa60-40f9-81e7-ab15d1404218	Освещение	Неисправные фонари, отсутствие освещения на улицах и в парках.	6fde3bc8-29c3-4765-8289-952930fb271c.png
\.


--
-- TOC entry 5879 (class 0 OID 116654)
-- Dependencies: 237
-- Data for Name: Comments; Type: TABLE DATA; Schema: public; Owner: postgres
--

COPY public."Comments" ("Id", "Text", "CreatedAt", "UserId", "IssueId") FROM stdin;
ee5060b9-73f5-41b4-a518-02bf91ebb4a1	string	2025-05-03 00:06:16.443557+03	4fbd8498-115b-4194-94dd-249ed292bd80	7ea991bb-5cde-4a7a-aa49-186b5848ac46
96f2eb87-b88f-443d-a572-8b6273093109	Привет	2025-05-03 00:25:14.004894+03	4fbd8498-115b-4194-94dd-249ed292bd80	7ea991bb-5cde-4a7a-aa49-186b5848ac46
5a82399f-9441-48f3-9c3b-d85354c8c9c1	Третий коммент	2025-05-03 00:32:40.783863+03	4fbd8498-115b-4194-94dd-249ed292bd80	7ea991bb-5cde-4a7a-aa49-186b5848ac46
805cfe5f-12b6-4536-9318-6ac577555edc	4 коммекн	2025-05-03 00:33:25.246361+03	4fbd8498-115b-4194-94dd-249ed292bd80	7ea991bb-5cde-4a7a-aa49-186b5848ac46
3bec5897-d7fc-4ede-a72c-9af907b3d2a4	5 коомент	2025-05-03 00:39:41.172377+03	4fbd8498-115b-4194-94dd-249ed292bd80	7ea991bb-5cde-4a7a-aa49-186b5848ac46
a960f8b9-6695-443a-be49-c7f120f36f9f	айайай	2025-05-03 03:26:11.59162+03	8a4268b2-c39a-4562-b9be-f78dd3dc3a55	9c548d03-0acd-4c6b-8a72-ed7a74d476dd
279c2160-c914-4c28-b5c0-58e597ea750f	бу	2025-05-06 01:21:39.715905+03	8a4268b2-c39a-4562-b9be-f78dd3dc3a55	0f33876e-d306-469d-b73b-07d6381a86cf
3f43d5db-d80a-43e1-ad6c-745f362891c2	бывает	2025-05-15 01:35:53.893695+03	8a4268b2-c39a-4562-b9be-f78dd3dc3a55	e0b8e65c-6d58-4c5a-ac80-293eaf32171a
7cc5bb78-1ee9-4e15-b52c-2c0c83c8ca13	1	2025-05-15 01:35:58.449561+03	8a4268b2-c39a-4562-b9be-f78dd3dc3a55	e0b8e65c-6d58-4c5a-ac80-293eaf32171a
7fa2e7a5-ae8c-4567-b6b0-1b2c29a34796	2	2025-05-15 01:37:26.089775+03	8a4268b2-c39a-4562-b9be-f78dd3dc3a55	e0b8e65c-6d58-4c5a-ac80-293eaf32171a
5acd796d-f565-4010-a4b5-bc27b9a0b12a	тест	2025-05-15 01:47:38.994142+03	8a4268b2-c39a-4562-b9be-f78dd3dc3a55	e0b8e65c-6d58-4c5a-ac80-293eaf32171a
6b05a0b3-0883-43ba-a21d-5b41a7d03983	вот дела	2025-05-16 20:41:47.370911+03	8a4268b2-c39a-4562-b9be-f78dd3dc3a55	0f33876e-d306-469d-b73b-07d6381a86cf
72b83b4b-bfe0-4227-86f7-d28591f0fac2	й	2025-05-16 20:41:53.292139+03	8a4268b2-c39a-4562-b9be-f78dd3dc3a55	0f33876e-d306-469d-b73b-07d6381a86cf
c957c47a-a8b4-434f-8553-8ffbba513d8b	23	2025-05-16 20:42:37.562899+03	8a4268b2-c39a-4562-b9be-f78dd3dc3a55	0f33876e-d306-469d-b73b-07d6381a86cf
b675b9c9-e0a2-4ce4-96f1-a57866658cca	r	2025-05-20 23:58:17.096829+03	4fbd8498-115b-4194-94dd-249ed292bd80	5900f9cb-f69f-4871-b178-462940eff52d
073308d9-12e8-462c-b652-5eace36c437c	324	2025-05-20 23:58:24.543453+03	4fbd8498-115b-4194-94dd-249ed292bd80	5900f9cb-f69f-4871-b178-462940eff52d
d04cec55-2f2d-4f2e-9e10-65d4787c8b4d	443\n	2025-05-20 23:58:37.979503+03	4fbd8498-115b-4194-94dd-249ed292bd80	5900f9cb-f69f-4871-b178-462940eff52d
030133f9-c1ba-46bb-b514-ad1d33b66b8c	321	2025-05-21 00:01:59.447031+03	4fbd8498-115b-4194-94dd-249ed292bd80	5900f9cb-f69f-4871-b178-462940eff52d
62096469-5c71-451e-a509-d1182ab2d3a4	321	2025-05-21 00:02:05.731859+03	4fbd8498-115b-4194-94dd-249ed292bd80	5900f9cb-f69f-4871-b178-462940eff52d
\.


--
-- TOC entry 5881 (class 0 OID 116696)
-- Dependencies: 239
-- Data for Name: Grades; Type: TABLE DATA; Schema: public; Owner: postgres
--

COPY public."Grades" ("Id", "UserId", "IssueId", "Like") FROM stdin;
66ee057e-cd26-446e-9adf-61a5efaec06b	4fbd8498-115b-4194-94dd-249ed292bd80	0f33876e-d306-469d-b73b-07d6381a86cf	t
85dab29a-f423-424b-a3a6-dee655e881aa	4fbd8498-115b-4194-94dd-249ed292bd80	5900f9cb-f69f-4871-b178-462940eff52d	t
dd5b5135-bfed-4ef3-bb4d-d59f2157b16b	4fbd8498-115b-4194-94dd-249ed292bd80	9c548d03-0acd-4c6b-8a72-ed7a74d476dd	f
7600168f-a00f-40ed-a9f4-0d507f6e1960	4fbd8498-115b-4194-94dd-249ed292bd80	980f834a-ce93-449d-bd1c-94f48195086d	f
4108af48-9bc6-4672-8fee-7fc9d6dd8cfb	01964fcb-2c3e-7c9f-8042-e9e4a41ce442	0f33876e-d306-469d-b73b-07d6381a86cf	t
49a1de3f-e0bf-4081-b382-68b59a55f124	01964fcb-2c3e-7c9f-8042-e9e4a41ce442	5900f9cb-f69f-4871-b178-462940eff52d	t
b554dbdd-10d3-4246-85c1-7994dd597297	01964fcb-2c3e-7c9f-8042-e9e4a41ce442	980f834a-ce93-449d-bd1c-94f48195086d	t
ae7035b2-eb20-4ebb-8998-bd2a91078242	01964fcb-2c3e-7c9f-8042-e9e4a41ce442	9c548d03-0acd-4c6b-8a72-ed7a74d476dd	f
a17eabd3-a3c2-479b-832b-3f97016076d7	8a4268b2-c39a-4562-b9be-f78dd3dc3a55	0f33876e-d306-469d-b73b-07d6381a86cf	t
4c0cf489-2410-4a67-9614-25866c89837c	8a4268b2-c39a-4562-b9be-f78dd3dc3a55	b4b2f863-5f12-4199-b8a8-eb41e4b6f1b5	t
2a881b25-cc4f-421d-842c-40b0fce20fd8	8a4268b2-c39a-4562-b9be-f78dd3dc3a55	7ea991bb-5cde-4a7a-aa49-186b5848ac46	t
\.


--
-- TOC entry 5878 (class 0 OID 116200)
-- Dependencies: 236
-- Data for Name: IssueImages; Type: TABLE DATA; Schema: public; Owner: postgres
--

COPY public."IssueImages" ("Id", "Uri", "IssueId") FROM stdin;
9f523f60-6c50-4be0-8880-f77ee1b2f8aa	7bb040b0-6707-4cd4-8cf2-1ca03050b151.jpg	980f834a-ce93-449d-bd1c-94f48195086d
b63c9871-d8e8-4059-b6ee-4e832188613b	117b775e-be04-4ee6-84d5-046902db7833.jpg	980f834a-ce93-449d-bd1c-94f48195086d
dcc69559-eccd-4e45-8b23-d2bb5723b40a	6e6b9a65-e4b9-4f6f-bcb8-feb32e7a2bc7.jpg	980f834a-ce93-449d-bd1c-94f48195086d
cdfeafed-10e5-48ef-8e13-8b7cba6cf43d	8a3fb438-723a-4419-bdf4-4c264fd5b8aa.jpg	90da36a5-4697-4a29-9d84-f5c89aabb2a5
d95628b1-0ff2-4872-b228-ed54528d89f7	e14032f8-3efd-402d-8f27-aaf5b41bd1cc.jpg	90da36a5-4697-4a29-9d84-f5c89aabb2a5
4bb77c51-776e-442c-8424-2608b81da9b7	fee001af-c8da-416c-b13d-d1b48dc3352f.jpg	9c548d03-0acd-4c6b-8a72-ed7a74d476dd
352818d4-dc86-443b-81a2-dfa0e93e7226	9fa5983f-6d71-4603-81c9-ca0a51675825.jpg	b4b2f863-5f12-4199-b8a8-eb41e4b6f1b5
602293eb-9232-4aea-b596-8a22004b5acf	216a5434-8712-486a-9c8c-6b2a689a5aa6.jpg	b4b2f863-5f12-4199-b8a8-eb41e4b6f1b5
a896f0e2-92ff-45f4-87ea-73b350f465f8	6d8b7572-0438-4dbd-ab18-0e903f6c59e8.jpg	b4b2f863-5f12-4199-b8a8-eb41e4b6f1b5
494d7ebf-5ef8-43aa-b068-5486c844bd5c	bd336a4a-d534-4173-aea0-7728e199b485.jpg	5900f9cb-f69f-4871-b178-462940eff52d
1322af0f-2a84-46e6-b2cb-ed9fb2f43a38	f0026c3f-334c-4e37-9c83-db45b2bdff1a.jpg	0f33876e-d306-469d-b73b-07d6381a86cf
1aa59243-ab20-4215-af43-2f7163baf920	82f51829-7bd1-464c-940f-79a103d583e4.jpg	0f33876e-d306-469d-b73b-07d6381a86cf
3049884e-27d0-4d65-852a-e16f1b5137e2	59546929-ab5a-449c-a74b-a2aa1f79da45.jpeg	0f33876e-d306-469d-b73b-07d6381a86cf
b387e922-5bd1-4494-8705-0bc31184f3ac	4ce0a722-b5f6-453d-9660-179b37051e66.jpg	0f33876e-d306-469d-b73b-07d6381a86cf
1dfad447-e46a-4d12-b2e4-3e081ab880b8	a6e6da1b-0266-402b-9a2c-506d3d82d575.jpg	7ea991bb-5cde-4a7a-aa49-186b5848ac46
cf20b4f4-afd4-48f4-a44f-5e8bc08095cb	01529631-456c-4454-8a0b-04b93ed7b814.jpeg	7ea991bb-5cde-4a7a-aa49-186b5848ac46
943d0ca3-7a61-46a4-8514-adfa605d7444	1e57bf50-db8d-48f1-9876-1b7e82d05308.webp	f827be99-3920-4f5f-b0b8-7473ef3497a3
4042fd4c-6a83-448b-afd4-9ac23decd55b	c39bc8e9-bc5d-4a95-95db-603dbb79c333.jpeg	e0b8e65c-6d58-4c5a-ac80-293eaf32171a
\.


--
-- TOC entry 5874 (class 0 OID 109124)
-- Dependencies: 232
-- Data for Name: Issues; Type: TABLE DATA; Schema: public; Owner: postgres
--

COPY public."Issues" ("Id", "Title", "Description", "Status", "Location", "Point", "CreatedAt", "UserId", "CategoryId", "ModifiedById", "ModifiedOn", "RevokedById", "RevokedOn") FROM stdin;
7ea991bb-5cde-4a7a-aa49-186b5848ac46	Плохие маршрутки	Езжу на маршрутке, они неудобное, в них жарко и долго набираются 	Resolved	Цимлянск, улица Надежды Крупской	0101000020E610000089FAC6A4820C454045157DF8DED14740	2025-04-24 00:38:15.210745+03	01964fcb-2c3e-7c9f-8042-e9e4a41ce442	0196410c-5015-7044-aa8d-1af8884879e1	\N	\N	\N	\N
b4b2f863-5f12-4199-b8a8-eb41e4b6f1b5	Засоренная ливневая канализация	После дождя вода стоит 3 дня, невозможно пройти	InProgress	Волгодонск, улица Ленина, 109	0101000020E610000005DD77FA59154540F5E7199F21C14740	2025-04-21 01:33:45.849282+03	4fbd8498-115b-4194-94dd-249ed292bd80	01964131-f40e-78db-beb9-8f0d2c9b5dfb	\N	\N	\N	\N
f827be99-3920-4f5f-b0b8-7473ef3497a3	Старый сломанный аттракцион 	Эта площадка находится в аренде у предпринимателя, аттракцион не в рабочем состоянии, поскольку для его ремонта нужна деталь, изготовить которую может только Комсомольский-на-Амуре авиационный завод.	Pending	Волгодонск, квартал Профтехучилищ	0101000020E6100000B3BB50FEF6184540F6FA4E8B17C14740	2025-05-12 22:45:43.809421+03	29c1d83d-414e-45e8-ac22-20c921fcee93	01964131-f40e-78db-beb9-8f0d2c9b5dfb	\N	\N	\N	\N
5900f9cb-f69f-4871-b178-462940eff52d	Сломанная лавочка	\N	Pending	Волгодонск, улица 50 лет СССР, 11	0101000020E610000035DF4FD1AE1345409734B3F8C0C14740	2025-04-21 01:34:55.327524+03	4fbd8498-115b-4194-94dd-249ed292bd80	01964131-f40e-78db-beb9-8f0d2c9b5dfb	\N	\N	\N	\N
980f834a-ce93-449d-bd1c-94f48195086d	Много мусора	Около подьезда грязно	Resolved	Волгодонск, улица Ленина, 73	0101000020E610000035DF4F0F611445409D0E9546F7C14740	2025-04-21 01:23:09.708677+03	4fbd8498-115b-4194-94dd-249ed292bd80	78b02b13-958f-4257-8b06-5378e1f6f3df	\N	\N	\N	\N
9c548d03-0acd-4c6b-8a72-ed7a74d476dd	Не работает фонарь во дворе	Фонарь не включается уже 2 недели, вечером опасно ходить	Rejected	Волгодонск, Вокзальный переулок, 54	0101000020E610000035DF4F81EF134540EA488AD2AFC14740	2025-04-21 01:30:42.551464+03	4fbd8498-115b-4194-94dd-249ed292bd80	5f354cb0-fa60-40f9-81e7-ab15d1404218	\N	\N	\N	\N
90da36a5-4697-4a29-9d84-f5c89aabb2a5	Яма на проспекте Ленина	Большая яма размером 1.5×2 метра, глубиной около 30 см	Pending	Волгодонск, улица Ленина	0101000020E6100000F4E63D96A315454090B23FD900C14740	2025-04-21 01:26:44.48107+03	4fbd8498-115b-4194-94dd-249ed292bd80	3e8225ec-d424-4ea7-9a4d-40f400bed880	\N	\N	\N	\N
e0b8e65c-6d58-4c5a-ac80-293eaf32171a	Грязь	Главный источник грязи в городе – открытый грунт. Грязь на дорогах (особенно зимой) или пыль летом – это в основном последствия открытого грунта.\r\n\r\n	Pending	Волгодонск, бульвар Великой Победы, 26	0101000020E610000035DF4F75061845405FAE5FFBDEC14740	2025-05-15 00:56:42.600023+03	01964fcb-2c3e-7c9f-8042-e9e4a41ce442	3e8225ec-d424-4ea7-9a4d-40f400bed880	\N	\N	\N	\N
0f33876e-d306-469d-b73b-07d6381a86cf	Грязь на тротуаре2	Грязно очень	InProgress	Волгодонск, переулок Макаренко, 61	0101000020E610000036DF4F4D321445406C5B823D93C14740	2025-04-21 01:36:54.211518+03	4fbd8498-115b-4194-94dd-249ed292bd80	78b02b13-958f-4257-8b06-5378e1f6f3df	\N	\N	\N	\N
\.


--
-- TOC entry 5875 (class 0 OID 109141)
-- Dependencies: 233
-- Data for Name: ModeratorCategories; Type: TABLE DATA; Schema: public; Owner: postgres
--

COPY public."ModeratorCategories" ("ModeratorId", "CategoryId") FROM stdin;
8a4268b2-c39a-4562-b9be-f78dd3dc3a55	5f354cb0-fa60-40f9-81e7-ab15d1404218
8a4268b2-c39a-4562-b9be-f78dd3dc3a55	3e8225ec-d424-4ea7-9a4d-40f400bed880
8a4268b2-c39a-4562-b9be-f78dd3dc3a55	78b02b13-958f-4257-8b06-5378e1f6f3df
084acc8b-633c-44c3-9d65-76b19c3c361c	01964131-f40e-78db-beb9-8f0d2c9b5dfb
084acc8b-633c-44c3-9d65-76b19c3c361c	5f354cb0-fa60-40f9-81e7-ab15d1404218
084acc8b-633c-44c3-9d65-76b19c3c361c	0196410c-5015-7044-aa8d-1af8884879e1
01964fcb-2c3e-7c9f-8042-e9e4a41ce442	019645dc-f75a-7008-b083-e399eecd79e0
01964fcb-2c3e-7c9f-8042-e9e4a41ce442	3e8225ec-d424-4ea7-9a4d-40f400bed880
1ca79cb6-e708-499e-a858-5ff9f41d94f8	0196410c-5015-7044-aa8d-1af8884879e1
1ca79cb6-e708-499e-a858-5ff9f41d94f8	01964131-f40e-78db-beb9-8f0d2c9b5dfb
1ca79cb6-e708-499e-a858-5ff9f41d94f8	019645dc-f75a-7008-b083-e399eecd79e0
1ca79cb6-e708-499e-a858-5ff9f41d94f8	78b02b13-958f-4257-8b06-5378e1f6f3df
\.


--
-- TOC entry 5877 (class 0 OID 116185)
-- Dependencies: 235
-- Data for Name: RefreshTokens; Type: TABLE DATA; Schema: public; Owner: postgres
--

COPY public."RefreshTokens" ("Id", "Token", "UserId", "Expires") FROM stdin;
0196db0d-dd58-7c02-954e-c3b67549c9fa	9a0f2362-5562-4be9-a6b4-3ae4ff9f3e9b	01964fcb-2c3e-7c9f-8042-e9e4a41ce442	2025-05-24 00:44:01.111503+03
0196ef8f-c6a6-78e6-836b-9a81c4b8ee25	3d922065-856e-484b-a9e2-43ae1a5cc032	4fbd8498-115b-4194-94dd-249ed292bd80	2025-05-28 00:18:19.302523+03
0196efa1-68a5-7737-9d15-39fa175c9707	86faf352-5181-4150-a592-4b5567be95ac	4fbd8498-115b-4194-94dd-249ed292bd80	2025-05-28 00:37:34.884508+03
0196efbd-2160-7c03-b7fb-bce3af9782c0	ba05935c-a027-405a-b4f7-91bc4ed516ba	4fbd8498-115b-4194-94dd-249ed292bd80	2025-05-28 01:07:51.608094+03
0196efce-92c1-7188-bfbf-dc1f5091a99a	8c4e2f7b-029f-4c88-864d-baf31be78c84	4fbd8498-115b-4194-94dd-249ed292bd80	2025-05-28 01:26:54.764835+03
0196c606-131d-7345-aa65-ce0a7ac9d1cc	df5baa62-dfb4-4e06-ae51-7ca138a97c57	29c1d83d-414e-45e8-ac22-20c921fcee93	2025-05-19 22:43:29.04387+03
\.


--
-- TOC entry 5863 (class 0 OID 109033)
-- Dependencies: 221
-- Data for Name: __EFMigrationsHistory; Type: TABLE DATA; Schema: public; Owner: postgres
--

COPY public."__EFMigrationsHistory" ("MigrationId", "ProductVersion") FROM stdin;
20250309222427_InitialCreate	9.0.2
20250316203429_AddAnswers	9.0.2
20250316203608_DelAnswerIdInIssue	9.0.2
20250316215919_AddFullName	9.0.2
20250328174208_UserAndCategoryInIssueIsNullTestTime	9.0.2
20250328223938_AddCategoryDescription	9.0.2
20250330231304_AddRefreshTokens	9.0.2
20250416234535_RenamingAndAddImages	9.0.2
20250417004007_RenameFromNameToTitleForCategories	9.0.2
20250420201241_RemoveNullsInIssue	9.0.2
20250420205922_NullIssueDescription	9.0.2
20250502195529_AddCommentsToIssue	9.0.2
20250502200402_AddIssueToComment	9.0.2
20250502223703_AddStatusAndImagesToAnswer	9.0.2
20250504220750_AddGrades	9.0.2
20250512210955_FullNameIsUnique	9.0.2
20250514203624_CategoryTitleIsUnique	9.0.2
20250516183940_AddModifiedRevoked	9.0.2
\.


--
-- TOC entry 5622 (class 0 OID 108275)
-- Dependencies: 217
-- Data for Name: spatial_ref_sys; Type: TABLE DATA; Schema: public; Owner: postgres
--

COPY public.spatial_ref_sys (srid, auth_name, auth_srid, srtext, proj4text) FROM stdin;
\.


--
-- TOC entry 5888 (class 0 OID 0)
-- Dependencies: 225
-- Name: AspNetRoleClaims_Id_seq; Type: SEQUENCE SET; Schema: public; Owner: postgres
--

SELECT pg_catalog.setval('public."AspNetRoleClaims_Id_seq"', 1, false);


--
-- TOC entry 5889 (class 0 OID 0)
-- Dependencies: 227
-- Name: AspNetUserClaims_Id_seq; Type: SEQUENCE SET; Schema: public; Owner: postgres
--

SELECT pg_catalog.setval('public."AspNetUserClaims_Id_seq"', 1, false);


--
-- TOC entry 5689 (class 2606 OID 116695)
-- Name: AnswerImages PK_AnswerImages; Type: CONSTRAINT; Schema: public; Owner: postgres
--

ALTER TABLE ONLY public."AnswerImages"
    ADD CONSTRAINT "PK_AnswerImages" PRIMARY KEY ("Id");


--
-- TOC entry 5676 (class 2606 OID 116155)
-- Name: Answers PK_Answers; Type: CONSTRAINT; Schema: public; Owner: postgres
--

ALTER TABLE ONLY public."Answers"
    ADD CONSTRAINT "PK_Answers" PRIMARY KEY ("Id");


--
-- TOC entry 5651 (class 2606 OID 109066)
-- Name: AspNetRoleClaims PK_AspNetRoleClaims; Type: CONSTRAINT; Schema: public; Owner: postgres
--

ALTER TABLE ONLY public."AspNetRoleClaims"
    ADD CONSTRAINT "PK_AspNetRoleClaims" PRIMARY KEY ("Id");


--
-- TOC entry 5638 (class 2606 OID 109044)
-- Name: AspNetRoles PK_AspNetRoles; Type: CONSTRAINT; Schema: public; Owner: postgres
--

ALTER TABLE ONLY public."AspNetRoles"
    ADD CONSTRAINT "PK_AspNetRoles" PRIMARY KEY ("Id");


--
-- TOC entry 5654 (class 2606 OID 109079)
-- Name: AspNetUserClaims PK_AspNetUserClaims; Type: CONSTRAINT; Schema: public; Owner: postgres
--

ALTER TABLE ONLY public."AspNetUserClaims"
    ADD CONSTRAINT "PK_AspNetUserClaims" PRIMARY KEY ("Id");


--
-- TOC entry 5657 (class 2606 OID 109091)
-- Name: AspNetUserLogins PK_AspNetUserLogins; Type: CONSTRAINT; Schema: public; Owner: postgres
--

ALTER TABLE ONLY public."AspNetUserLogins"
    ADD CONSTRAINT "PK_AspNetUserLogins" PRIMARY KEY ("LoginProvider", "ProviderKey");


--
-- TOC entry 5660 (class 2606 OID 109101)
-- Name: AspNetUserRoles PK_AspNetUserRoles; Type: CONSTRAINT; Schema: public; Owner: postgres
--

ALTER TABLE ONLY public."AspNetUserRoles"
    ADD CONSTRAINT "PK_AspNetUserRoles" PRIMARY KEY ("UserId", "RoleId");


--
-- TOC entry 5662 (class 2606 OID 109118)
-- Name: AspNetUserTokens PK_AspNetUserTokens; Type: CONSTRAINT; Schema: public; Owner: postgres
--

ALTER TABLE ONLY public."AspNetUserTokens"
    ADD CONSTRAINT "PK_AspNetUserTokens" PRIMARY KEY ("UserId", "LoginProvider", "Name");


--
-- TOC entry 5644 (class 2606 OID 109051)
-- Name: AspNetUsers PK_AspNetUsers; Type: CONSTRAINT; Schema: public; Owner: postgres
--

ALTER TABLE ONLY public."AspNetUsers"
    ADD CONSTRAINT "PK_AspNetUsers" PRIMARY KEY ("Id");


--
-- TOC entry 5648 (class 2606 OID 109058)
-- Name: Categories PK_Categories; Type: CONSTRAINT; Schema: public; Owner: postgres
--

ALTER TABLE ONLY public."Categories"
    ADD CONSTRAINT "PK_Categories" PRIMARY KEY ("Id");


--
-- TOC entry 5686 (class 2606 OID 116660)
-- Name: Comments PK_Comments; Type: CONSTRAINT; Schema: public; Owner: postgres
--

ALTER TABLE ONLY public."Comments"
    ADD CONSTRAINT "PK_Comments" PRIMARY KEY ("Id");


--
-- TOC entry 5693 (class 2606 OID 116700)
-- Name: Grades PK_Grades; Type: CONSTRAINT; Schema: public; Owner: postgres
--

ALTER TABLE ONLY public."Grades"
    ADD CONSTRAINT "PK_Grades" PRIMARY KEY ("Id");


--
-- TOC entry 5682 (class 2606 OID 116206)
-- Name: IssueImages PK_IssueImages; Type: CONSTRAINT; Schema: public; Owner: postgres
--

ALTER TABLE ONLY public."IssueImages"
    ADD CONSTRAINT "PK_IssueImages" PRIMARY KEY ("Id");


--
-- TOC entry 5669 (class 2606 OID 109130)
-- Name: Issues PK_Issues; Type: CONSTRAINT; Schema: public; Owner: postgres
--

ALTER TABLE ONLY public."Issues"
    ADD CONSTRAINT "PK_Issues" PRIMARY KEY ("Id");


--
-- TOC entry 5672 (class 2606 OID 109145)
-- Name: ModeratorCategories PK_ModeratorCategories; Type: CONSTRAINT; Schema: public; Owner: postgres
--

ALTER TABLE ONLY public."ModeratorCategories"
    ADD CONSTRAINT "PK_ModeratorCategories" PRIMARY KEY ("ModeratorId", "CategoryId");


--
-- TOC entry 5679 (class 2606 OID 116191)
-- Name: RefreshTokens PK_RefreshTokens; Type: CONSTRAINT; Schema: public; Owner: postgres
--

ALTER TABLE ONLY public."RefreshTokens"
    ADD CONSTRAINT "PK_RefreshTokens" PRIMARY KEY ("Id");


--
-- TOC entry 5636 (class 2606 OID 109037)
-- Name: __EFMigrationsHistory PK___EFMigrationsHistory; Type: CONSTRAINT; Schema: public; Owner: postgres
--

ALTER TABLE ONLY public."__EFMigrationsHistory"
    ADD CONSTRAINT "PK___EFMigrationsHistory" PRIMARY KEY ("MigrationId");


--
-- TOC entry 5640 (class 1259 OID 109176)
-- Name: EmailIndex; Type: INDEX; Schema: public; Owner: postgres
--

CREATE INDEX "EmailIndex" ON public."AspNetUsers" USING btree ("NormalizedEmail");


--
-- TOC entry 5687 (class 1259 OID 116693)
-- Name: IX_AnswerImages_AnswerId; Type: INDEX; Schema: public; Owner: postgres
--

CREATE INDEX "IX_AnswerImages_AnswerId" ON public."AnswerImages" USING btree ("AnswerId");


--
-- TOC entry 5673 (class 1259 OID 116167)
-- Name: IX_Answers_IssueId; Type: INDEX; Schema: public; Owner: postgres
--

CREATE INDEX "IX_Answers_IssueId" ON public."Answers" USING btree ("IssueId");


--
-- TOC entry 5674 (class 1259 OID 116168)
-- Name: IX_Answers_ModeratorId; Type: INDEX; Schema: public; Owner: postgres
--

CREATE INDEX "IX_Answers_ModeratorId" ON public."Answers" USING btree ("ModeratorId");


--
-- TOC entry 5649 (class 1259 OID 109171)
-- Name: IX_AspNetRoleClaims_RoleId; Type: INDEX; Schema: public; Owner: postgres
--

CREATE INDEX "IX_AspNetRoleClaims_RoleId" ON public."AspNetRoleClaims" USING btree ("RoleId");


--
-- TOC entry 5652 (class 1259 OID 109173)
-- Name: IX_AspNetUserClaims_UserId; Type: INDEX; Schema: public; Owner: postgres
--

CREATE INDEX "IX_AspNetUserClaims_UserId" ON public."AspNetUserClaims" USING btree ("UserId");


--
-- TOC entry 5655 (class 1259 OID 109174)
-- Name: IX_AspNetUserLogins_UserId; Type: INDEX; Schema: public; Owner: postgres
--

CREATE INDEX "IX_AspNetUserLogins_UserId" ON public."AspNetUserLogins" USING btree ("UserId");


--
-- TOC entry 5658 (class 1259 OID 109175)
-- Name: IX_AspNetUserRoles_RoleId; Type: INDEX; Schema: public; Owner: postgres
--

CREATE INDEX "IX_AspNetUserRoles_RoleId" ON public."AspNetUserRoles" USING btree ("RoleId");


--
-- TOC entry 5641 (class 1259 OID 109177)
-- Name: IX_AspNetUsers_Email; Type: INDEX; Schema: public; Owner: postgres
--

CREATE UNIQUE INDEX "IX_AspNetUsers_Email" ON public."AspNetUsers" USING btree ("Email");


--
-- TOC entry 5642 (class 1259 OID 116732)
-- Name: IX_AspNetUsers_FullName; Type: INDEX; Schema: public; Owner: postgres
--

CREATE UNIQUE INDEX "IX_AspNetUsers_FullName" ON public."AspNetUsers" USING btree ("FullName");


--
-- TOC entry 5646 (class 1259 OID 116733)
-- Name: IX_Categories_Title; Type: INDEX; Schema: public; Owner: postgres
--

CREATE UNIQUE INDEX "IX_Categories_Title" ON public."Categories" USING btree ("Title");


--
-- TOC entry 5683 (class 1259 OID 116671)
-- Name: IX_Comments_IssueId; Type: INDEX; Schema: public; Owner: postgres
--

CREATE INDEX "IX_Comments_IssueId" ON public."Comments" USING btree ("IssueId");


--
-- TOC entry 5684 (class 1259 OID 116672)
-- Name: IX_Comments_UserId; Type: INDEX; Schema: public; Owner: postgres
--

CREATE INDEX "IX_Comments_UserId" ON public."Comments" USING btree ("UserId");


--
-- TOC entry 5690 (class 1259 OID 116711)
-- Name: IX_Grades_IssueId; Type: INDEX; Schema: public; Owner: postgres
--

CREATE INDEX "IX_Grades_IssueId" ON public."Grades" USING btree ("IssueId");


--
-- TOC entry 5691 (class 1259 OID 116712)
-- Name: IX_Grades_UserId; Type: INDEX; Schema: public; Owner: postgres
--

CREATE INDEX "IX_Grades_UserId" ON public."Grades" USING btree ("UserId");


--
-- TOC entry 5680 (class 1259 OID 116212)
-- Name: IX_IssueImages_IssueId; Type: INDEX; Schema: public; Owner: postgres
--

CREATE INDEX "IX_IssueImages_IssueId" ON public."IssueImages" USING btree ("IssueId");


--
-- TOC entry 5663 (class 1259 OID 109179)
-- Name: IX_Issues_CategoryId; Type: INDEX; Schema: public; Owner: postgres
--

CREATE INDEX "IX_Issues_CategoryId" ON public."Issues" USING btree ("CategoryId");


--
-- TOC entry 5664 (class 1259 OID 116734)
-- Name: IX_Issues_ModifiedById; Type: INDEX; Schema: public; Owner: postgres
--

CREATE INDEX "IX_Issues_ModifiedById" ON public."Issues" USING btree ("ModifiedById");


--
-- TOC entry 5665 (class 1259 OID 116735)
-- Name: IX_Issues_RevokedById; Type: INDEX; Schema: public; Owner: postgres
--

CREATE INDEX "IX_Issues_RevokedById" ON public."Issues" USING btree ("RevokedById");


--
-- TOC entry 5666 (class 1259 OID 109180)
-- Name: IX_Issues_Status; Type: INDEX; Schema: public; Owner: postgres
--

CREATE INDEX "IX_Issues_Status" ON public."Issues" USING btree ("Status");


--
-- TOC entry 5667 (class 1259 OID 109181)
-- Name: IX_Issues_UserId; Type: INDEX; Schema: public; Owner: postgres
--

CREATE INDEX "IX_Issues_UserId" ON public."Issues" USING btree ("UserId");


--
-- TOC entry 5670 (class 1259 OID 109182)
-- Name: IX_ModeratorCategories_CategoryId; Type: INDEX; Schema: public; Owner: postgres
--

CREATE INDEX "IX_ModeratorCategories_CategoryId" ON public."ModeratorCategories" USING btree ("CategoryId");


--
-- TOC entry 5677 (class 1259 OID 116197)
-- Name: IX_RefreshTokens_UserId; Type: INDEX; Schema: public; Owner: postgres
--

CREATE INDEX "IX_RefreshTokens_UserId" ON public."RefreshTokens" USING btree ("UserId");


--
-- TOC entry 5639 (class 1259 OID 109172)
-- Name: RoleNameIndex; Type: INDEX; Schema: public; Owner: postgres
--

CREATE UNIQUE INDEX "RoleNameIndex" ON public."AspNetRoles" USING btree ("NormalizedName");


--
-- TOC entry 5645 (class 1259 OID 109178)
-- Name: UserNameIndex; Type: INDEX; Schema: public; Owner: postgres
--

CREATE UNIQUE INDEX "UserNameIndex" ON public."AspNetUsers" USING btree ("NormalizedUserName");


--
-- TOC entry 5712 (class 2606 OID 116713)
-- Name: AnswerImages FK_AnswerImages_Answers_AnswerId; Type: FK CONSTRAINT; Schema: public; Owner: postgres
--

ALTER TABLE ONLY public."AnswerImages"
    ADD CONSTRAINT "FK_AnswerImages_Answers_AnswerId" FOREIGN KEY ("AnswerId") REFERENCES public."Answers"("Id") ON DELETE CASCADE;


--
-- TOC entry 5706 (class 2606 OID 116156)
-- Name: Answers FK_Answers_AspNetUsers_ModeratorId; Type: FK CONSTRAINT; Schema: public; Owner: postgres
--

ALTER TABLE ONLY public."Answers"
    ADD CONSTRAINT "FK_Answers_AspNetUsers_ModeratorId" FOREIGN KEY ("ModeratorId") REFERENCES public."AspNetUsers"("Id") ON DELETE CASCADE;


--
-- TOC entry 5707 (class 2606 OID 116161)
-- Name: Answers FK_Answers_Issues_IssueId; Type: FK CONSTRAINT; Schema: public; Owner: postgres
--

ALTER TABLE ONLY public."Answers"
    ADD CONSTRAINT "FK_Answers_Issues_IssueId" FOREIGN KEY ("IssueId") REFERENCES public."Issues"("Id") ON DELETE CASCADE;


--
-- TOC entry 5694 (class 2606 OID 109067)
-- Name: AspNetRoleClaims FK_AspNetRoleClaims_AspNetRoles_RoleId; Type: FK CONSTRAINT; Schema: public; Owner: postgres
--

ALTER TABLE ONLY public."AspNetRoleClaims"
    ADD CONSTRAINT "FK_AspNetRoleClaims_AspNetRoles_RoleId" FOREIGN KEY ("RoleId") REFERENCES public."AspNetRoles"("Id") ON DELETE CASCADE;


--
-- TOC entry 5695 (class 2606 OID 109080)
-- Name: AspNetUserClaims FK_AspNetUserClaims_AspNetUsers_UserId; Type: FK CONSTRAINT; Schema: public; Owner: postgres
--

ALTER TABLE ONLY public."AspNetUserClaims"
    ADD CONSTRAINT "FK_AspNetUserClaims_AspNetUsers_UserId" FOREIGN KEY ("UserId") REFERENCES public."AspNetUsers"("Id") ON DELETE CASCADE;


--
-- TOC entry 5696 (class 2606 OID 109092)
-- Name: AspNetUserLogins FK_AspNetUserLogins_AspNetUsers_UserId; Type: FK CONSTRAINT; Schema: public; Owner: postgres
--

ALTER TABLE ONLY public."AspNetUserLogins"
    ADD CONSTRAINT "FK_AspNetUserLogins_AspNetUsers_UserId" FOREIGN KEY ("UserId") REFERENCES public."AspNetUsers"("Id") ON DELETE CASCADE;


--
-- TOC entry 5697 (class 2606 OID 109102)
-- Name: AspNetUserRoles FK_AspNetUserRoles_AspNetRoles_RoleId; Type: FK CONSTRAINT; Schema: public; Owner: postgres
--

ALTER TABLE ONLY public."AspNetUserRoles"
    ADD CONSTRAINT "FK_AspNetUserRoles_AspNetRoles_RoleId" FOREIGN KEY ("RoleId") REFERENCES public."AspNetRoles"("Id") ON DELETE CASCADE;


--
-- TOC entry 5698 (class 2606 OID 109107)
-- Name: AspNetUserRoles FK_AspNetUserRoles_AspNetUsers_UserId; Type: FK CONSTRAINT; Schema: public; Owner: postgres
--

ALTER TABLE ONLY public."AspNetUserRoles"
    ADD CONSTRAINT "FK_AspNetUserRoles_AspNetUsers_UserId" FOREIGN KEY ("UserId") REFERENCES public."AspNetUsers"("Id") ON DELETE CASCADE;


--
-- TOC entry 5699 (class 2606 OID 109119)
-- Name: AspNetUserTokens FK_AspNetUserTokens_AspNetUsers_UserId; Type: FK CONSTRAINT; Schema: public; Owner: postgres
--

ALTER TABLE ONLY public."AspNetUserTokens"
    ADD CONSTRAINT "FK_AspNetUserTokens_AspNetUsers_UserId" FOREIGN KEY ("UserId") REFERENCES public."AspNetUsers"("Id") ON DELETE CASCADE;


--
-- TOC entry 5710 (class 2606 OID 116661)
-- Name: Comments FK_Comments_AspNetUsers_UserId; Type: FK CONSTRAINT; Schema: public; Owner: postgres
--

ALTER TABLE ONLY public."Comments"
    ADD CONSTRAINT "FK_Comments_AspNetUsers_UserId" FOREIGN KEY ("UserId") REFERENCES public."AspNetUsers"("Id") ON DELETE CASCADE;


--
-- TOC entry 5711 (class 2606 OID 116674)
-- Name: Comments FK_Comments_Issues_IssueId; Type: FK CONSTRAINT; Schema: public; Owner: postgres
--

ALTER TABLE ONLY public."Comments"
    ADD CONSTRAINT "FK_Comments_Issues_IssueId" FOREIGN KEY ("IssueId") REFERENCES public."Issues"("Id") ON DELETE CASCADE;


--
-- TOC entry 5713 (class 2606 OID 116701)
-- Name: Grades FK_Grades_AspNetUsers_UserId; Type: FK CONSTRAINT; Schema: public; Owner: postgres
--

ALTER TABLE ONLY public."Grades"
    ADD CONSTRAINT "FK_Grades_AspNetUsers_UserId" FOREIGN KEY ("UserId") REFERENCES public."AspNetUsers"("Id") ON DELETE CASCADE;


--
-- TOC entry 5714 (class 2606 OID 116706)
-- Name: Grades FK_Grades_Issues_IssueId; Type: FK CONSTRAINT; Schema: public; Owner: postgres
--

ALTER TABLE ONLY public."Grades"
    ADD CONSTRAINT "FK_Grades_Issues_IssueId" FOREIGN KEY ("IssueId") REFERENCES public."Issues"("Id") ON DELETE CASCADE;


--
-- TOC entry 5709 (class 2606 OID 116207)
-- Name: IssueImages FK_IssueImages_Issues_IssueId; Type: FK CONSTRAINT; Schema: public; Owner: postgres
--

ALTER TABLE ONLY public."IssueImages"
    ADD CONSTRAINT "FK_IssueImages_Issues_IssueId" FOREIGN KEY ("IssueId") REFERENCES public."Issues"("Id") ON DELETE CASCADE;


--
-- TOC entry 5700 (class 2606 OID 116736)
-- Name: Issues FK_Issues_AspNetUsers_ModifiedById; Type: FK CONSTRAINT; Schema: public; Owner: postgres
--

ALTER TABLE ONLY public."Issues"
    ADD CONSTRAINT "FK_Issues_AspNetUsers_ModifiedById" FOREIGN KEY ("ModifiedById") REFERENCES public."AspNetUsers"("Id") ON DELETE SET NULL;


--
-- TOC entry 5701 (class 2606 OID 116741)
-- Name: Issues FK_Issues_AspNetUsers_RevokedById; Type: FK CONSTRAINT; Schema: public; Owner: postgres
--

ALTER TABLE ONLY public."Issues"
    ADD CONSTRAINT "FK_Issues_AspNetUsers_RevokedById" FOREIGN KEY ("RevokedById") REFERENCES public."AspNetUsers"("Id") ON DELETE SET NULL;


--
-- TOC entry 5702 (class 2606 OID 116240)
-- Name: Issues FK_Issues_AspNetUsers_UserId; Type: FK CONSTRAINT; Schema: public; Owner: postgres
--

ALTER TABLE ONLY public."Issues"
    ADD CONSTRAINT "FK_Issues_AspNetUsers_UserId" FOREIGN KEY ("UserId") REFERENCES public."AspNetUsers"("Id") ON DELETE RESTRICT;


--
-- TOC entry 5703 (class 2606 OID 116245)
-- Name: Issues FK_Issues_Categories_CategoryId; Type: FK CONSTRAINT; Schema: public; Owner: postgres
--

ALTER TABLE ONLY public."Issues"
    ADD CONSTRAINT "FK_Issues_Categories_CategoryId" FOREIGN KEY ("CategoryId") REFERENCES public."Categories"("Id") ON DELETE RESTRICT;


--
-- TOC entry 5704 (class 2606 OID 109146)
-- Name: ModeratorCategories FK_ModeratorCategories_AspNetUsers_ModeratorId; Type: FK CONSTRAINT; Schema: public; Owner: postgres
--

ALTER TABLE ONLY public."ModeratorCategories"
    ADD CONSTRAINT "FK_ModeratorCategories_AspNetUsers_ModeratorId" FOREIGN KEY ("ModeratorId") REFERENCES public."AspNetUsers"("Id") ON DELETE CASCADE;


--
-- TOC entry 5705 (class 2606 OID 109151)
-- Name: ModeratorCategories FK_ModeratorCategories_Categories_CategoryId; Type: FK CONSTRAINT; Schema: public; Owner: postgres
--

ALTER TABLE ONLY public."ModeratorCategories"
    ADD CONSTRAINT "FK_ModeratorCategories_Categories_CategoryId" FOREIGN KEY ("CategoryId") REFERENCES public."Categories"("Id") ON DELETE CASCADE;


--
-- TOC entry 5708 (class 2606 OID 116192)
-- Name: RefreshTokens FK_RefreshTokens_AspNetUsers_UserId; Type: FK CONSTRAINT; Schema: public; Owner: postgres
--

ALTER TABLE ONLY public."RefreshTokens"
    ADD CONSTRAINT "FK_RefreshTokens_AspNetUsers_UserId" FOREIGN KEY ("UserId") REFERENCES public."AspNetUsers"("Id") ON DELETE CASCADE;


-- Completed on 2025-05-21 01:42:33

--
-- PostgreSQL database dump complete
--

